-- ============================================================
-- SmartSchool SN v2.0 — Données de seed
-- À exécuter après les migrations
-- ============================================================

-- 1. École
INSERT INTO ecoles (id, nom, code_iae, region, ville, latitude, longitude, rayon_pointage_m, plan_type, date_expiration, actif)
VALUES (
  'a1b2c3d4-0001-4000-8000-000000000001',
  'Lycée Cheikh Anta Diop',
  'SN-DKR-001',
  'Dakar',
  'Dakar',
  14.6928,
  -17.4467,
  200,
  'premium',
  '2027-12-31',
  true
);

-- 2. Utilisateurs (nécessite des entrées auth.users correspondantes)
-- NOTE: En production, créez d'abord les users via Supabase Auth,
-- puis insérez dans utilisateurs avec les mêmes UUIDs.
-- Ci-dessous, exemple pour test local avec supabase db seed.

-- Admin
INSERT INTO utilisateurs (id, ecole_id, nom, prenom, telephone, role)
VALUES (
  'a1b2c3d4-1001-4000-8000-000000000001',
  'a1b2c3d4-0001-4000-8000-000000000001',
  'Diallo', 'Mamadou', '771234567', 'admin_global'
);

-- Professeurs
INSERT INTO utilisateurs (id, ecole_id, nom, prenom, telephone, role) VALUES
  ('a1b2c3d4-2001-4000-8000-000000000001', 'a1b2c3d4-0001-4000-8000-000000000001', 'Ndiaye', 'Fatou', '772345678', 'professeur'),
  ('a1b2c3d4-2002-4000-8000-000000000001', 'a1b2c3d4-0001-4000-8000-000000000001', 'Diop', 'Moussa', '775111222', 'professeur'),
  ('a1b2c3d4-2003-4000-8000-000000000001', 'a1b2c3d4-0001-4000-8000-000000000001', 'Ba', 'Aissatou', '776222333', 'professeur'),
  ('a1b2c3d4-2004-4000-8000-000000000001', 'a1b2c3d4-0001-4000-8000-000000000001', 'Camara', 'Lamine', '777333444', 'professeur'),
  ('a1b2c3d4-2005-4000-8000-000000000001', 'a1b2c3d4-0001-4000-8000-000000000001', 'Sarr', 'Ndèye', '778444555', 'professeur'),
  ('a1b2c3d4-2006-4000-8000-000000000001', 'a1b2c3d4-0001-4000-8000-000000000001', 'Gueye', 'Pape', '779555666', 'professeur'),
  ('a1b2c3d4-2007-4000-8000-000000000001', 'a1b2c3d4-0001-4000-8000-000000000001', 'Thiam', 'Coumba', '770666777', 'professeur'),
  ('a1b2c3d4-2008-4000-8000-000000000001', 'a1b2c3d4-0001-4000-8000-000000000001', 'Faye', 'Abdoulaye', '771777888', 'professeur');

-- Surveillant
INSERT INTO utilisateurs (id, ecole_id, nom, prenom, telephone, role)
VALUES (
  'a1b2c3d4-3001-4000-8000-000000000001',
  'a1b2c3d4-0001-4000-8000-000000000001',
  'Sow', 'Ibrahima', '773456789', 'surveillant'
);

-- Parent
INSERT INTO utilisateurs (id, ecole_id, nom, prenom, telephone, role)
VALUES (
  'a1b2c3d4-4001-4000-8000-000000000001',
  'a1b2c3d4-0001-4000-8000-000000000001',
  'Fall', 'Aminata', '774567890', 'parent'
);

-- 3. Classes
INSERT INTO classes (id, ecole_id, nom, niveau, effectif_max, annee_scolaire) VALUES
  ('a1b2c3d4-5001-4000-8000-000000000001', 'a1b2c3d4-0001-4000-8000-000000000001', 'A', '6ème', 40, '2025-2026'),
  ('a1b2c3d4-5002-4000-8000-000000000001', 'a1b2c3d4-0001-4000-8000-000000000001', 'B', '6ème', 40, '2025-2026'),
  ('a1b2c3d4-5003-4000-8000-000000000001', 'a1b2c3d4-0001-4000-8000-000000000001', 'A', '5ème', 38, '2025-2026'),
  ('a1b2c3d4-5004-4000-8000-000000000001', 'a1b2c3d4-0001-4000-8000-000000000001', 'A', '4ème', 35, '2025-2026'),
  ('a1b2c3d4-5005-4000-8000-000000000001', 'a1b2c3d4-0001-4000-8000-000000000001', 'A', '3ème', 35, '2025-2026'),
  ('a1b2c3d4-5006-4000-8000-000000000001', 'a1b2c3d4-0001-4000-8000-000000000001', 'A', 'Seconde', 40, '2025-2026'),
  ('a1b2c3d4-5007-4000-8000-000000000001', 'a1b2c3d4-0001-4000-8000-000000000001', 'S1', 'Première', 35, '2025-2026'),
  ('a1b2c3d4-5008-4000-8000-000000000001', 'a1b2c3d4-0001-4000-8000-000000000001', 'S1', 'Terminale', 35, '2025-2026');

-- 4. Matières
INSERT INTO matieres (id, ecole_id, nom, coefficient) VALUES
  ('a1b2c3d4-6001-4000-8000-000000000001', 'a1b2c3d4-0001-4000-8000-000000000001', 'Mathématiques', 5),
  ('a1b2c3d4-6002-4000-8000-000000000001', 'a1b2c3d4-0001-4000-8000-000000000001', 'Français', 4),
  ('a1b2c3d4-6003-4000-8000-000000000001', 'a1b2c3d4-0001-4000-8000-000000000001', 'Anglais', 3),
  ('a1b2c3d4-6004-4000-8000-000000000001', 'a1b2c3d4-0001-4000-8000-000000000001', 'Sciences Physiques', 4),
  ('a1b2c3d4-6005-4000-8000-000000000001', 'a1b2c3d4-0001-4000-8000-000000000001', 'SVT', 3),
  ('a1b2c3d4-6006-4000-8000-000000000001', 'a1b2c3d4-0001-4000-8000-000000000001', 'Histoire-Géo', 3),
  ('a1b2c3d4-6007-4000-8000-000000000001', 'a1b2c3d4-0001-4000-8000-000000000001', 'Philosophie', 3),
  ('a1b2c3d4-6008-4000-8000-000000000001', 'a1b2c3d4-0001-4000-8000-000000000001', 'Éducation Physique', 2);

-- 5. Élèves (10 par classe pour le seed, classe-001 et classe-002)
INSERT INTO eleves (id, ecole_id, matricule, nom, prenom, date_naissance, sexe, classe_id, parent_principal_id, actif) VALUES
  -- Classe 6ème A
  ('a1b2c3d4-7001-4000-8000-000000000001', 'a1b2c3d4-0001-4000-8000-000000000001', 'MAT-001-001', 'Diallo', 'Awa', '2012-03-15', 'F', 'a1b2c3d4-5001-4000-8000-000000000001', 'a1b2c3d4-4001-4000-8000-000000000001', true),
  ('a1b2c3d4-7002-4000-8000-000000000001', 'a1b2c3d4-0001-4000-8000-000000000001', 'MAT-001-002', 'Ndiaye', 'Ousmane', '2012-07-22', 'M', 'a1b2c3d4-5001-4000-8000-000000000001', 'a1b2c3d4-4001-4000-8000-000000000001', true),
  ('a1b2c3d4-7003-4000-8000-000000000001', 'a1b2c3d4-0001-4000-8000-000000000001', 'MAT-001-003', 'Fall', 'Fatou', '2012-01-10', 'F', 'a1b2c3d4-5001-4000-8000-000000000001', 'a1b2c3d4-4001-4000-8000-000000000001', true),
  ('a1b2c3d4-7004-4000-8000-000000000001', 'a1b2c3d4-0001-4000-8000-000000000001', 'MAT-001-004', 'Sow', 'Moussa', '2011-11-05', 'M', 'a1b2c3d4-5001-4000-8000-000000000001', NULL, true),
  ('a1b2c3d4-7005-4000-8000-000000000001', 'a1b2c3d4-0001-4000-8000-000000000001', 'MAT-001-005', 'Ba', 'Aminata', '2012-05-18', 'F', 'a1b2c3d4-5001-4000-8000-000000000001', NULL, true),
  ('a1b2c3d4-7006-4000-8000-000000000001', 'a1b2c3d4-0001-4000-8000-000000000001', 'MAT-001-006', 'Diop', 'Ibrahima', '2012-09-30', 'M', 'a1b2c3d4-5001-4000-8000-000000000001', NULL, true),
  ('a1b2c3d4-7007-4000-8000-000000000001', 'a1b2c3d4-0001-4000-8000-000000000001', 'MAT-001-007', 'Sy', 'Ndèye', '2012-02-14', 'F', 'a1b2c3d4-5001-4000-8000-000000000001', NULL, true),
  ('a1b2c3d4-7008-4000-8000-000000000001', 'a1b2c3d4-0001-4000-8000-000000000001', 'MAT-001-008', 'Sarr', 'Cheikh', '2011-12-25', 'M', 'a1b2c3d4-5001-4000-8000-000000000001', NULL, true),
  ('a1b2c3d4-7009-4000-8000-000000000001', 'a1b2c3d4-0001-4000-8000-000000000001', 'MAT-001-009', 'Mbaye', 'Mariama', '2012-06-08', 'F', 'a1b2c3d4-5001-4000-8000-000000000001', NULL, true),
  ('a1b2c3d4-7010-4000-8000-000000000001', 'a1b2c3d4-0001-4000-8000-000000000001', 'MAT-001-010', 'Kane', 'Abdoulaye', '2012-04-20', 'M', 'a1b2c3d4-5001-4000-8000-000000000001', NULL, true),
  -- Classe 6ème B
  ('a1b2c3d4-7011-4000-8000-000000000001', 'a1b2c3d4-0001-4000-8000-000000000001', 'MAT-002-001', 'Thiam', 'Souleymane', '2012-08-12', 'M', 'a1b2c3d4-5002-4000-8000-000000000001', NULL, true),
  ('a1b2c3d4-7012-4000-8000-000000000001', 'a1b2c3d4-0001-4000-8000-000000000001', 'MAT-002-002', 'Gueye', 'Aissatou', '2012-10-03', 'F', 'a1b2c3d4-5002-4000-8000-000000000001', NULL, true),
  ('a1b2c3d4-7013-4000-8000-000000000001', 'a1b2c3d4-0001-4000-8000-000000000001', 'MAT-002-003', 'Diouf', 'Pape', '2012-01-28', 'M', 'a1b2c3d4-5002-4000-8000-000000000001', NULL, true),
  ('a1b2c3d4-7014-4000-8000-000000000001', 'a1b2c3d4-0001-4000-8000-000000000001', 'MAT-002-004', 'Camara', 'Khady', '2012-04-15', 'F', 'a1b2c3d4-5002-4000-8000-000000000001', NULL, true),
  ('a1b2c3d4-7015-4000-8000-000000000001', 'a1b2c3d4-0001-4000-8000-000000000001', 'MAT-002-005', 'Cissé', 'Modou', '2012-07-07', 'M', 'a1b2c3d4-5002-4000-8000-000000000001', NULL, true);

-- 6. Évaluations
INSERT INTO evaluations (id, classe_id, matiere_id, prof_id, type_eval, titre, date_eval, trimestre, coefficient_eval) VALUES
  ('a1b2c3d4-8001-4000-8000-000000000001', 'a1b2c3d4-5001-4000-8000-000000000001', 'a1b2c3d4-6001-4000-8000-000000000001', 'a1b2c3d4-2001-4000-8000-000000000001', 'devoir', 'Devoir n°1 Maths', '2026-01-15', 2, 1),
  ('a1b2c3d4-8002-4000-8000-000000000001', 'a1b2c3d4-5001-4000-8000-000000000001', 'a1b2c3d4-6001-4000-8000-000000000001', 'a1b2c3d4-2001-4000-8000-000000000001', 'composition', 'Composition T2 Maths', '2026-03-10', 2, 2),
  ('a1b2c3d4-8003-4000-8000-000000000001', 'a1b2c3d4-5001-4000-8000-000000000001', 'a1b2c3d4-6002-4000-8000-000000000001', 'a1b2c3d4-2002-4000-8000-000000000001', 'devoir', 'Devoir n°1 Français', '2026-01-20', 2, 1);

-- 7. Notes (quelques exemples)
INSERT INTO notes (eleve_id, evaluation_id, note, saisi_par) VALUES
  ('a1b2c3d4-7001-4000-8000-000000000001', 'a1b2c3d4-8001-4000-8000-000000000001', 15.5, 'a1b2c3d4-2001-4000-8000-000000000001'),
  ('a1b2c3d4-7002-4000-8000-000000000001', 'a1b2c3d4-8001-4000-8000-000000000001', 12.0, 'a1b2c3d4-2001-4000-8000-000000000001'),
  ('a1b2c3d4-7003-4000-8000-000000000001', 'a1b2c3d4-8001-4000-8000-000000000001', 17.0, 'a1b2c3d4-2001-4000-8000-000000000001'),
  ('a1b2c3d4-7004-4000-8000-000000000001', 'a1b2c3d4-8001-4000-8000-000000000001', 8.5, 'a1b2c3d4-2001-4000-8000-000000000001'),
  ('a1b2c3d4-7005-4000-8000-000000000001', 'a1b2c3d4-8001-4000-8000-000000000001', 14.0, 'a1b2c3d4-2001-4000-8000-000000000001'),
  ('a1b2c3d4-7001-4000-8000-000000000001', 'a1b2c3d4-8002-4000-8000-000000000001', 16.0, 'a1b2c3d4-2001-4000-8000-000000000001'),
  ('a1b2c3d4-7002-4000-8000-000000000001', 'a1b2c3d4-8002-4000-8000-000000000001', 11.5, 'a1b2c3d4-2001-4000-8000-000000000001'),
  ('a1b2c3d4-7003-4000-8000-000000000001', 'a1b2c3d4-8002-4000-8000-000000000001', 18.0, 'a1b2c3d4-2001-4000-8000-000000000001'),
  ('a1b2c3d4-7001-4000-8000-000000000001', 'a1b2c3d4-8003-4000-8000-000000000001', 13.0, 'a1b2c3d4-2002-4000-8000-000000000001'),
  ('a1b2c3d4-7002-4000-8000-000000000001', 'a1b2c3d4-8003-4000-8000-000000000001', 15.0, 'a1b2c3d4-2002-4000-8000-000000000001'),
  ('a1b2c3d4-7003-4000-8000-000000000001', 'a1b2c3d4-8003-4000-8000-000000000001', 9.5, 'a1b2c3d4-2002-4000-8000-000000000001');

-- 8. Factures
INSERT INTO factures (id, eleve_id, ecole_id, type_frais, montant_total, montant_verse, date_emission, date_limite, statut) VALUES
  ('a1b2c3d4-9001-4000-8000-000000000001', 'a1b2c3d4-7001-4000-8000-000000000001', 'a1b2c3d4-0001-4000-8000-000000000001', 'Inscription 2025-2026', 75000, 75000, '2025-09-01', '2025-10-01', 'paye'),
  ('a1b2c3d4-9002-4000-8000-000000000001', 'a1b2c3d4-7001-4000-8000-000000000001', 'a1b2c3d4-0001-4000-8000-000000000001', 'Scolarité T2', 150000, 50000, '2026-01-05', '2026-02-05', 'partiellement_paye'),
  ('a1b2c3d4-9003-4000-8000-000000000001', 'a1b2c3d4-7002-4000-8000-000000000001', 'a1b2c3d4-0001-4000-8000-000000000001', 'Scolarité T2', 150000, 0, '2026-01-05', '2026-02-05', 'en_retard'),
  ('a1b2c3d4-9004-4000-8000-000000000001', 'a1b2c3d4-7003-4000-8000-000000000001', 'a1b2c3d4-0001-4000-8000-000000000001', 'Scolarité T2', 150000, 150000, '2026-01-05', '2026-02-05', 'paye');

-- 9. Paiements
INSERT INTO paiements (facture_id, ecole_id, montant, methode, reference_transaction, telephone_payeur, statut_confirmation) VALUES
  ('a1b2c3d4-9001-4000-8000-000000000001', 'a1b2c3d4-0001-4000-8000-000000000001', 75000, 'wave', 'WAVE-20250901-001', '774567890', 'confirmed'),
  ('a1b2c3d4-9002-4000-8000-000000000001', 'a1b2c3d4-0001-4000-8000-000000000001', 50000, 'orange_money', 'OM-20260115-001', '774567890', 'confirmed'),
  ('a1b2c3d4-9004-4000-8000-000000000001', 'a1b2c3d4-0001-4000-8000-000000000001', 150000, 'especes', 'ESP-20260110-001', NULL, 'confirmed');

-- 10. Absences élèves
INSERT INTO absences_eleves (eleve_id, ecole_id, date_absence, type, justifiee, motif) VALUES
  ('a1b2c3d4-7001-4000-8000-000000000001', 'a1b2c3d4-0001-4000-8000-000000000001', '2026-03-17', 'absence', false, NULL),
  ('a1b2c3d4-7001-4000-8000-000000000001', 'a1b2c3d4-0001-4000-8000-000000000001', '2026-03-10', 'absence', true, 'Rendez-vous médical'),
  ('a1b2c3d4-7002-4000-8000-000000000001', 'a1b2c3d4-0001-4000-8000-000000000001', '2026-03-18', 'retard', false, NULL),
  ('a1b2c3d4-7003-4000-8000-000000000001', 'a1b2c3d4-0001-4000-8000-000000000001', '2026-03-20', 'absence', false, NULL);

-- 11. Emplois du temps
INSERT INTO emplois_temps (ecole_id, classe_id, matiere_id, prof_id, jour_semaine, heure_debut, heure_fin, salle) VALUES
  ('a1b2c3d4-0001-4000-8000-000000000001', 'a1b2c3d4-5001-4000-8000-000000000001', 'a1b2c3d4-6001-4000-8000-000000000001', 'a1b2c3d4-2001-4000-8000-000000000001', 1, '08:00', '10:00', 'Salle 101'),
  ('a1b2c3d4-0001-4000-8000-000000000001', 'a1b2c3d4-5001-4000-8000-000000000001', 'a1b2c3d4-6002-4000-8000-000000000001', 'a1b2c3d4-2002-4000-8000-000000000001', 1, '10:15', '12:15', 'Salle 102'),
  ('a1b2c3d4-0001-4000-8000-000000000001', 'a1b2c3d4-5001-4000-8000-000000000001', 'a1b2c3d4-6004-4000-8000-000000000001', 'a1b2c3d4-2003-4000-8000-000000000001', 2, '08:00', '10:00', 'Labo Physique'),
  ('a1b2c3d4-0001-4000-8000-000000000001', 'a1b2c3d4-5001-4000-8000-000000000001', 'a1b2c3d4-6003-4000-8000-000000000001', 'a1b2c3d4-2004-4000-8000-000000000001', 2, '10:15', '12:15', 'Salle 103'),
  ('a1b2c3d4-0001-4000-8000-000000000001', 'a1b2c3d4-5001-4000-8000-000000000001', 'a1b2c3d4-6005-4000-8000-000000000001', 'a1b2c3d4-2005-4000-8000-000000000001', 3, '08:00', '10:00', 'Labo SVT'),
  ('a1b2c3d4-0001-4000-8000-000000000001', 'a1b2c3d4-5001-4000-8000-000000000001', 'a1b2c3d4-6006-4000-8000-000000000001', 'a1b2c3d4-2006-4000-8000-000000000001', 3, '10:15', '12:15', 'Salle 104'),
  ('a1b2c3d4-0001-4000-8000-000000000001', 'a1b2c3d4-5001-4000-8000-000000000001', 'a1b2c3d4-6001-4000-8000-000000000001', 'a1b2c3d4-2001-4000-8000-000000000001', 4, '08:00', '10:00', 'Salle 101'),
  ('a1b2c3d4-0001-4000-8000-000000000001', 'a1b2c3d4-5001-4000-8000-000000000001', 'a1b2c3d4-6007-4000-8000-000000000001', 'a1b2c3d4-2007-4000-8000-000000000001', 4, '10:15', '12:15', 'Salle 105'),
  ('a1b2c3d4-0001-4000-8000-000000000001', 'a1b2c3d4-5001-4000-8000-000000000001', 'a1b2c3d4-6008-4000-8000-000000000001', 'a1b2c3d4-2008-4000-8000-000000000001', 5, '08:00', '10:00', 'Terrain'),
  ('a1b2c3d4-0001-4000-8000-000000000001', 'a1b2c3d4-5001-4000-8000-000000000001', 'a1b2c3d4-6002-4000-8000-000000000001', 'a1b2c3d4-2002-4000-8000-000000000001', 5, '10:15', '12:15', 'Salle 102');

-- 12. Notifications
INSERT INTO notifications (user_id, ecole_id, type_notif, titre, contenu, priorite) VALUES
  ('a1b2c3d4-4001-4000-8000-000000000001', 'a1b2c3d4-0001-4000-8000-000000000001', 'info', 'Bienvenue sur SmartSchool', 'Votre espace parent est maintenant actif. Consultez les notes et absences de vos enfants.', 1),
  ('a1b2c3d4-4001-4000-8000-000000000001', 'a1b2c3d4-0001-4000-8000-000000000001', 'absence', 'Absence signalée', 'Awa Diallo a été signalée absente le 17/03/2026.', 3),
  ('a1b2c3d4-4001-4000-8000-000000000001', 'a1b2c3d4-0001-4000-8000-000000000001', 'paiement', 'Paiement reçu', 'Votre paiement de 50 000 FCFA pour la scolarité T2 a été confirmé.', 2),
  ('a1b2c3d4-1001-4000-8000-000000000001', 'a1b2c3d4-0001-4000-8000-000000000001', 'info', 'Rapport mensuel disponible', 'Le rapport financier de février 2026 est prêt.', 2);

-- 13. Pointages professeurs (derniers jours)
INSERT INTO pointages_profs (prof_id, ecole_id, date_pointage, heure_arrivee, latitude, longitude, distance_ecole_m, statut, minutes_retard) VALUES
  ('a1b2c3d4-2001-4000-8000-000000000001', 'a1b2c3d4-0001-4000-8000-000000000001', '2026-03-24', '07:45:00+00', 14.6930, -17.4465, 25.3, 'a_heure', 0),
  ('a1b2c3d4-2002-4000-8000-000000000001', 'a1b2c3d4-0001-4000-8000-000000000001', '2026-03-24', '08:12:00+00', 14.6929, -17.4468, 15.1, 'retard_leger', 12),
  ('a1b2c3d4-2003-4000-8000-000000000001', 'a1b2c3d4-0001-4000-8000-000000000001', '2026-03-24', '07:55:00+00', 14.6927, -17.4466, 18.7, 'a_heure', 0),
  ('a1b2c3d4-2001-4000-8000-000000000001', 'a1b2c3d4-0001-4000-8000-000000000001', '2026-03-23', '07:50:00+00', 14.6930, -17.4465, 25.3, 'a_heure', 0),
  ('a1b2c3d4-2002-4000-8000-000000000001', 'a1b2c3d4-0001-4000-8000-000000000001', '2026-03-23', '08:35:00+00', 14.6929, -17.4468, 15.1, 'retard_grave', 35);
